<application>
  <component name="ExportableFileTemplateSettings">
    <default_templates>
      <template name="AdventOfCode2022Day.java" file-name="Day${NAME}" reformat="true" live-template-enabled="false">
        <template name="AdventOfCode2022Day.java.child.1.java" file-name="src/test/java/$PACKAGE_NAME.replaceAll('\.','/')/Day${NAME}Test" reformat="true" live-template-enabled="false" />
        <template name="AdventOfCode2022Day.java.child.2.txt" file-name="src/test/resources/${NAME}" reformat="true" live-template-enabled="false" />
        <template name="AdventOfCode2022Day.java.child.3.txt" file-name="src/main/resources/${NAME}" reformat="true" live-template-enabled="false" />
      </template>
      <template name="AdventOfCode2022Day.java.child.1.java" file-name="src/test/java/$PACKAGE_NAME.replaceAll('\.','/')/Day${NAME}Test" reformat="true" live-template-enabled="false" />
      <template name="AdventOfCode2022Day.java.child.2.txt" file-name="src/test/resources/${NAME}" reformat="true" live-template-enabled="false" />
      <template name="AdventOfCode2022Day.java.child.3.txt" file-name="src/main/resources/${NAME}" reformat="true" live-template-enabled="false" />
    </default_templates>
  </component>
</application>